購入ID,席名,購入者,チケット名,購入金額,購入日時,ファンクラブNo
256,G49,後藤 真由美,1部〈13:30開場/14:00開演〉,12100,2023/5/1 13:16,1484
257,G45,鈴木 裕子,1部〈13:30開場/14:00開演〉,12100,2023/5/1 13:16,8061
258,SC6,片倉 浩美,2部〈17:30開場/18:00開演〉,12100,2023/5/1 13:16,2444
259,E42,家本 美洋,1部〈13:30開場/14:00開演〉,12100,2023/5/1 13:16,814
260,G48,後藤 真由美,1部〈13:30開場/14:00開演〉,12100,2023/5/1 13:17,1484
261,A22,水澤 秀美,1部〈13:30開場/14:00開演〉,12100,2023/5/1 13:17,4553
262,D62,片倉 浩美,1部〈13:30開場/14:00開演〉,12100,2023/5/1 13:18,2444
263,SD5,坂本 佳穂子,2部〈17:30開場/18:00開演〉,12100,2023/5/1 13:18,450
264,SD4,坂本 佳穂子,2部〈17:30開場/18:00開演〉,12100,2023/5/1 13:19,450
265,F25,鈴木 依里,1部〈13:30開場/14:00開演〉,12100,2023/5/1 13:26,5945
266,C27,山元 里絵,1部〈13:30開場/14:00開演〉,12100,2023/5/1 13:28,2312
267,C26,山元 里絵,1部〈13:30開場/14:00開演〉,12100,2023/5/1 13:29,2312
268,G29,中島 宏子,1部〈13:30開場/14:00開演〉,12100,2023/5/1 13:29,2706
269,F24,鈴木 依里,1部〈13:30開場/14:00開演〉,12100,2023/5/1 13:29,5945
270,D64,金子 綾香,1部〈13:30開場/14:00開演〉,12100,2023/5/1 13:31,115
271,F21,山口 美佐,2部〈17:30開場/18:00開演〉,12100,2023/5/1 13:32,4574
272,SE4,多気 絵実里,2部〈17:30開場/18:00開演〉,12100,2023/5/1 13:33,4473
273,D66,長谷川 かおる,1部〈13:30開場/14:00開演〉,12100,2023/5/1 13:36,324
274,E65,片山 尚美,1部〈13:30開場/14:00開演〉,12100,2023/5/1 13:36,3760
275,E42,村上 貴和美,2部〈17:30開場/18:00開演〉,12100,2023/5/1 13:36,4966
276,F24,坂本 泰江,2部〈17:30開場/18:00開演〉,12100,2023/5/1 13:36,1827
277,SC4,片山 尚美,2部〈17:30開場/18:00開演〉,12100,2023/5/1 13:37,3760
278,F23,坂本 泰江,2部〈17:30開場/18:00開演〉,12100,2023/5/1 13:39,1827
279,E41,村上 貴和美,2部〈17:30開場/18:00開演〉,12100,2023/5/1 13:39,4966
280,D45,長谷川 かおる,2部〈17:30開場/18:00開演〉,12100,2023/5/1 13:43,324
281,E67,山ノ内 泉,1部〈13:30開場/14:00開演〉,12100,2023/5/1 13:52,5868
282,E68,岩出 美絵,1部〈13:30開場/14:00開演〉,12100,2023/5/1 13:53,256
283,D46,山ノ内 泉,2部〈17:30開場/18:00開演〉,12100,2023/5/1 13:54,5868
284,E26,岸野 玲奈,2部〈17:30開場/18:00開演〉,12100,2023/5/1 14:00,500
285,E27,小沢 恵里,2部〈17:30開場/18:00開演〉,12100,2023/5/1 14:05,2836
286,F44,徳森 麻美,1部〈13:30開場/14:00開演〉,12100,2023/5/1 14:07,8111
287,F43,徳森 麻美,1部〈13:30開場/14:00開演〉,12100,2023/5/1 14:08,8111
288,A4,岩出 美絵,2部〈17:30開場/18:00開演〉,12100,2023/5/1 14:10,256
289,SD20,エグチ ヨシコ,1部〈13:30開場/14:00開演〉,12100,2023/5/1 14:14,3141
290,SE41,齋藤 みどり,2部〈17:30開場/18:00開演〉,12100,2023/5/1 14:22,971
291,D43,大森 苗木,1部〈13:30開場/14:00開演〉,12100,2023/5/1 14:27,776
292,SE20,家本 美洋,2部〈17:30開場/18:00開演〉,12100,2023/5/1 14:29,814
293,G40,杉山 恵都子,2部〈17:30開場/18:00開演〉,12100,2023/5/1 14:33,6316
294,F60,須田 友里,1部〈13:30開場/14:00開演〉,12100,2023/5/1 14:34,7944
295,E40,小川 可奈子,2部〈17:30開場/18:00開演〉,12100,2023/5/1 14:34,1205
296,A41,新藤 恭子,2部〈17:30開場/18:00開演〉,12100,2023/5/1 14:36,7947
297,A40,新藤 恭子,2部〈17:30開場/18:00開演〉,12100,2023/5/1 14:37,7947
298,C62,井口 聖子,1部〈13:30開場/14:00開演〉,12100,2023/5/1 14:46,170
299,D28,佐藤 智子,2部〈17:30開場/18:00開演〉,12100,2023/5/1 14:46,1632
300,SD44,福島 久美子,1部〈13:30開場/14:00開演〉,12100,2023/5/1 14:46,666
301,C61,井口 聖子,1部〈13:30開場/14:00開演〉,12100,2023/5/1 14:46,170
302,SD43,福島 久美子,1部〈13:30開場/14:00開演〉,12100,2023/5/1 14:47,666
303,SD42,福島 久美子,1部〈13:30開場/14:00開演〉,12100,2023/5/1 14:48,666
304,C61,小岩 仁美,2部〈17:30開場/18:00開演〉,12100,2023/5/1 15:00,7987
305,C60,小岩 仁美,2部〈17:30開場/18:00開演〉,12100,2023/5/1 15:01,7987
306,E1,皆越 真喜子,1部〈13:30開場/14:00開演〉,12100,2023/5/1 15:11,1284
307,C40,五味 富美子,2部〈17:30開場/18:00開演〉,12100,2023/5/1 15:13,1256
308,G22,岡本 久美,1部〈13:30開場/14:00開演〉,12100,2023/5/1 15:18,639
309,SE24,片岡 美和子,2部〈17:30開場/18:00開演〉,12100,2023/5/1 15:23,618
310,SE25,片岡 美和子,2部〈17:30開場/18:00開演〉,12100,2023/5/1 15:24,618
311,B22,林田 尚子,2部〈17:30開場/18:00開演〉,12100,2023/5/1 15:25,6287
312,SE26,片岡 美和子,2部〈17:30開場/18:00開演〉,12100,2023/5/1 15:25,618
313,B21,林田 尚子,2部〈17:30開場/18:00開演〉,12100,2023/5/1 15:25,6287
314,SD21,つのだ ふみこ,2部〈17:30開場/18:00開演〉,12100,2023/5/1 15:33,3608
315,G20,多気 絵実里,1部〈13:30開場/14:00開演〉,12100,2023/5/1 15:49,4473
316,E20,五坪 幸枝,1部〈13:30開場/14:00開演〉,12100,2023/5/1 16:05,1496
317,B64,家田 美帆,2部〈17:30開場/18:00開演〉,12100,2023/5/1 16:09,959
318,B63,家田 美帆,2部〈17:30開場/18:00開演〉,12100,2023/5/1 16:17,959
319,D21,家田 美帆,1部〈13:30開場/14:00開演〉,12100,2023/5/1 16:21,959
320,A45,小渕 弥栄子,1部〈13:30開場/14:00開演〉,12100,2023/5/1 16:30,8116
321,SD40,荒川 清美,1部〈13:30開場/14:00開演〉,12100,2023/5/1 16:36,3842
322,C4,荒川 清美,2部〈17:30開場/18:00開演〉,12100,2023/5/1 16:40,3842
70,A20,馬場 良子,2部〈17:30開場/18:00開演〉,12100,2023/5/1 12:48,2470
71,A5,家本 美紀,1部〈13:30開場/14:00開演〉,12100,2023/5/1 12:48,571
72,SD20,吉川 由花,2部〈17:30開場/18:00開演〉,12100,2023/5/1 12:48,438
73,SE22,堺田 末利花,2部〈17:30開場/18:00開演〉,12100,2023/5/1 12:48,4855
74,SD21,林 由紀子,1部〈13:30開場/14:00開演〉,12100,2023/5/1 12:48,641
75,C24,宮野 理沙,2部〈17:30開場/18:00開演〉,12100,2023/5/1 12:48,1147
76,I40,久保 テスト,1部〈13:30開場/14:00開演〉,12100,2023/5/1 12:49,
77,SE41,柿平 杏奈,1部〈13:30開場/14:00開演〉,12100,2023/5/1 12:49,295
78,SC60,春日 綾,2部〈17:30開場/18:00開演〉,12100,2023/5/1 12:49,3386
79,SC62,近藤 静代,2部〈17:30開場/18:00開演〉,12100,2023/5/1 12:49,1661
80,SD26,高柳 真理,1部〈13:30開場/14:00開演〉,12100,2023/5/1 12:49,502
81,SE45,難波 郁子,2部〈17:30開場/18:00開演〉,12100,2023/5/1 12:49,1660
82,B40,家本 美紀,2部〈17:30開場/18:00開演〉,12100,2023/5/1 12:49,571
83,A25,須藤 美紀,2部〈17:30開場/18:00開演〉,12100,2023/5/1 12:49,269
84,SE20,西巻 麻代,1部〈13:30開場/14:00開演〉,12100,2023/5/1 12:49,1498
85,D12,椎名 由衣,2部〈17:30開場/18:00開演〉,12100,2023/5/1 12:49,21919
86,SD24,Oh Jaryeon,1部〈13:30開場/14:00開演〉,12100,2023/5/1 12:49,8127
87,D40,米本 絢子,2部〈17:30開場/18:00開演〉,12100,2023/5/1 12:49,4062
88,SE46,若井 正美,1部〈13:30開場/14:00開演〉,12100,2023/5/1 12:49,8012
89,SE22,市村 春江,1部〈13:30開場/14:00開演〉,12100,2023/5/1 12:49,3668
90,A21,馬場 良子,2部〈17:30開場/18:00開演〉,12100,2023/5/1 12:49,2470
91,A6,家本 美紀,1部〈13:30開場/14:00開演〉,12100,2023/5/1 12:49,571
92,A20,内田 恵美子,1部〈13:30開場/14:00開演〉,12100,2023/5/1 12:50,3323
93,SE25,吉川 由花,1部〈13:30開場/14:00開演〉,12100,2023/5/1 12:50,438
94,C25,宮野 理沙,2部〈17:30開場/18:00開演〉,12100,2023/5/1 12:50,1147
95,SD22,森 桜子,2部〈17:30開場/18:00開演〉,12100,2023/5/1 12:50,2043
96,SE43,柿平 杏奈,1部〈13:30開場/14:00開演〉,12100,2023/5/1 12:50,295
97,B41,家本 美紀,2部〈17:30開場/18:00開演〉,12100,2023/5/1 12:50,571
98,C22,若井 正美,2部〈17:30開場/18:00開演〉,12100,2023/5/1 12:50,8012
99,D27,米本 絢子,1部〈13:30開場/14:00開演〉,12100,2023/5/1 12:50,4062
100,SD25,Oh Jaryeon,1部〈13:30開場/14:00開演〉,12100,2023/5/1 12:50,8127
101,B41,小笠原 彩,1部〈13:30開場/14:00開演〉,12100,2023/5/1 12:50,1300
102,E8,戸倉 由美,2部〈17:30開場/18:00開演〉,12100,2023/5/1 12:50,1134
103,B47,菅野 房代,1部〈13:30開場/14:00開演〉,12100,2023/5/1 12:50,412
104,A40,椎名 由衣,1部〈13:30開場/14:00開演〉,12100,2023/5/1 12:50,21919
105,SE42,柿平 杏奈,1部〈13:30開場/14:00開演〉,12100,2023/5/1 12:50,295
106,D48,廣瀬 晶子,2部〈17:30開場/18:00開演〉,12100,2023/5/1 12:51,4325
107,F65,内田 恵美子,2部〈17:30開場/18:00開演〉,12100,2023/5/1 12:51,3323
108,D8,河邊 留美子,1部〈13:30開場/14:00開演〉,12100,2023/5/1 12:51,7845
109,E60,Oh Jaryeon,2部〈17:30開場/18:00開演〉,12100,2023/5/1 12:51,8127
110,SE46,難波 郁子,2部〈17:30開場/18:00開演〉,12100,2023/5/1 12:51,1660
111,SE26,吉川 由花,1部〈13:30開場/14:00開演〉,12100,2023/5/1 12:51,438
112,B42,小笠原 彩,1部〈13:30開場/14:00開演〉,12100,2023/5/1 12:51,1300
113,B21,柴田 さゆり,1部〈13:30開場/14:00開演〉,12100,2023/5/1 12:51,5980
114,C26,宮野 理沙,2部〈17:30開場/18:00開演〉,12100,2023/5/1 12:51,1147
115,B24,浜野 佐和子,1部〈13:30開場/14:00開演〉,12100,2023/5/1 12:51,5186
116,A6,春日 綾,2部〈17:30開場/18:00開演〉,12100,2023/5/1 12:51,3386
117,E61,Oh Jaryeon,2部〈17:30開場/18:00開演〉,12100,2023/5/1 12:52,8127
118,A7,家本 美紀,1部〈13:30開場/14:00開演〉,12100,2023/5/1 12:52,571
119,A26,須藤 美紀,2部〈17:30開場/18:00開演〉,12100,2023/5/1 12:52,269
120,F48,杉田 知奈美,2部〈17:30開場/18:00開演〉,12100,2023/5/1 12:52,1070
121,F46,鈴木 幸代,2部〈17:30開場/18:00開演〉,12100,2023/5/1 12:52,549
122,A43,廣瀬 晶子,1部〈13:30開場/14:00開演〉,12100,2023/5/1 12:52,4325
123,A42,原 ゆかり,1部〈13:30開場/14:00開演〉,12100,2023/5/1 12:52,3124
124,C5,別所 恵,2部〈17:30開場/18:00開演〉,12100,2023/5/1 12:52,8130
125,SE23,市村 春江,1部〈13:30開場/14:00開演〉,12100,2023/5/1 12:52,3668
126,C20,若月 加代子,1部〈13:30開場/14:00開演〉,12100,2023/5/1 12:52,1623
127,A9,横倉 弥生,1部〈13:30開場/14:00開演〉,12100,2023/5/1 12:52,5250
128,C27,宮野 理沙,2部〈17:30開場/18:00開演〉,12100,2023/5/1 12:52,1147
129,SD22,林 由紀子,1部〈13:30開場/14:00開演〉,12100,2023/5/1 12:52,641
130,B60,杉田 知奈美,1部〈13:30開場/14:00開演〉,12100,2023/5/1 12:52,1070
131,C40,林 みよ子,1部〈13:30開場/14:00開演〉,12100,2023/5/1 12:52,751
132,SD23,森 桜子,2部〈17:30開場/18:00開演〉,12100,2023/5/1 12:52,2043
133,B42,家本 美紀,2部〈17:30開場/18:00開演〉,12100,2023/5/1 12:52,571
134,F44,井口 美幸,2部〈17:30開場/18:00開演〉,12100,2023/5/1 12:53,3776
135,G27,鈴木 幸代,2部〈17:30開場/18:00開演〉,12100,2023/5/1 12:53,549
136,C8,馬場 博子,2部〈17:30開場/18:00開演〉,12100,2023/5/1 12:53,625
137,G25,柴田 さゆり,2部〈17:30開場/18:00開演〉,12100,2023/5/1 12:53,5980
138,E46,原 ゆかり,2部〈17:30開場/18:00開演〉,12100,2023/5/1 12:53,3124
139,C21,若月 加代子,1部〈13:30開場/14:00開演〉,12100,2023/5/1 12:53,1623
140,E44,菅野 房代,2部〈17:30開場/18:00開演〉,12100,2023/5/1 12:53,412
141,B25,浜野 佐和子,1部〈13:30開場/14:00開演〉,12100,2023/5/1 12:53,5186
142,C7,馬場 博子,2部〈17:30開場/18:00開演〉,12100,2023/5/1 12:53,625
143,B43,家本 美紀,2部〈17:30開場/18:00開演〉,12100,2023/5/1 12:53,571
144,C23,石井 照子,1部〈13:30開場/14:00開演〉,12100,2023/5/1 12:54,1423
145,E40,芳賀 有希,1部〈13:30開場/14:00開演〉,12100,2023/5/1 12:54,1160
146,F43,井口 美幸,2部〈17:30開場/18:00開演〉,12100,2023/5/1 12:54,3776
147,D65,松崎 直子,2部〈17:30開場/18:00開演〉,12100,2023/5/1 12:54,432
148,SD60,佐藤 日奈子,2部〈17:30開場/18:00開演〉,12100,2023/5/1 12:54,5657
149,F29,藤田 尚子,1部〈13:30開場/14:00開演〉,12100,2023/5/1 12:54,1635
150,E24,羽後 真澄,2部〈17:30開場/18:00開演〉,12100,2023/5/1 12:54,4609
151,E23,羽後 真澄,2部〈17:30開場/18:00開演〉,12100,2023/5/1 12:55,4609
152,D64,松崎 直子,2部〈17:30開場/18:00開演〉,12100,2023/5/1 12:55,432
153,C24,石井 照子,1部〈13:30開場/14:00開演〉,12100,2023/5/1 12:55,1423
154,D62,小松 貴子,2部〈17:30開場/18:00開演〉,12100,2023/5/1 12:55,1639
155,F41,小島 克予,1部〈13:30開場/14:00開演〉,12100,2023/5/1 12:55,
156,A63,川中 由美子,1部〈13:30開場/14:00開演〉,12100,2023/5/1 12:55,766
157,B62,坂岩 真弓,1部〈13:30開場/14:00開演〉,12100,2023/5/1 12:55,1737
158,C10,松田 奈津希,1部〈13:30開場/14:00開演〉,12100,2023/5/1 12:55,5772
159,D60,藤田 尚子,2部〈17:30開場/18:00開演〉,12100,2023/5/1 12:55,1635
160,F8,松浦 久美子,1部〈13:30開場/14:00開演〉,12100,2023/5/1 12:55,6951
161,SD61,佐藤 日奈子,2部〈17:30開場/18:00開演〉,12100,2023/5/1 12:55,5657
162,D47,小林 尚子,1部〈13:30開場/14:00開演〉,12100,2023/5/1 12:55,1564
163,B22,柴田 さゆり,1部〈13:30開場/14:00開演〉,12100,2023/5/1 12:55,5980
164,F1,難波 郁子,1部〈13:30開場/14:00開演〉,12100,2023/5/1 12:55,1660
165,C47,岩崎 友香,2部〈17:30開場/18:00開演〉,12100,2023/5/1 12:56,6495
166,B63,坂岩 真弓,1部〈13:30開場/14:00開演〉,12100,2023/5/1 12:56,1737
167,F67,入佐 真利子,1部〈13:30開場/14:00開演〉,12100,2023/5/1 12:56,1235
168,F7,小松 貴子,1部〈13:30開場/14:00開演〉,12100,2023/5/1 12:56,1639
169,D6,長島 由佳,1部〈13:30開場/14:00開演〉,12100,2023/5/1 12:56,824
170,E45,池間 知子,1部〈13:30開場/14:00開演〉,12100,2023/5/1 12:56,4757
171,C8,丸茂 美智子,1部〈13:30開場/14:00開演〉,12100,2023/5/1 12:56,7204
172,C11,松田 奈津希,1部〈13:30開場/14:00開演〉,12100,2023/5/1 12:56,5772
173,SE43,佐藤 良相,2部〈17:30開場/18:00開演〉,12100,2023/5/1 12:56,2660
174,A65,川中 由美子,1部〈13:30開場/14:00開演〉,12100,2023/5/1 12:57,766
175,C64,山中 菜穂子,2部〈17:30開場/18:00開演〉,12100,2023/5/1 12:57,894
176,E48,高柳 真理,2部〈17:30開場/18:00開演〉,12100,2023/5/1 12:57,502
177,SE42,佐藤 良相,2部〈17:30開場/18:00開演〉,12100,2023/5/1 12:57,2660
178,D48,小林 尚子,1部〈13:30開場/14:00開演〉,12100,2023/5/1 12:57,1564
179,F62,齊藤 芽衣,1部〈13:30開場/14:00開演〉,12100,2023/5/1 12:57,8128
180,E46,池間 知子,1部〈13:30開場/14:00開演〉,12100,2023/5/1 12:57,4757
181,C7,丸茂 美智子,1部〈13:30開場/14:00開演〉,12100,2023/5/1 12:57,7204
182,E27,伊藤 舞知子,1部〈13:30開場/14:00開演〉,12100,2023/5/1 12:57,2108
183,F3,十田 圭土,1部〈13:30開場/14:00開演〉,12100,2023/5/1 12:57,7747
184,F64,萩原 綾乃,1部〈13:30開場/14:00開演〉,12100,2023/5/1 12:57,2249
185,C20,長島 由佳,2部〈17:30開場/18:00開演〉,12100,2023/5/1 12:58,824
186,C63,山中 菜穂子,2部〈17:30開場/18:00開演〉,12100,2023/5/1 12:58,894
187,B5,早乙女 典子,1部〈13:30開場/14:00開演〉,12100,2023/5/1 12:58,674
188,F26,萩原 綾乃,2部〈17:30開場/18:00開演〉,12100,2023/5/1 12:58,2249
189,C10,丸茂 美智子,2部〈17:30開場/18:00開演〉,12100,2023/5/1 12:58,7204
190,F5,稲吉 みゆき,1部〈13:30開場/14:00開演〉,12100,2023/5/1 12:58,1216
191,F8,庄司 みな子,2部〈17:30開場/18:00開演〉,12100,2023/5/1 12:58,145
192,D45,千田 亜紀子,1部〈13:30開場/14:00開演〉,12100,2023/5/1 12:59,1522
193,B4,早乙女 典子,1部〈13:30開場/14:00開演〉,12100,2023/5/1 12:59,674
194,C66,山中 菜穂子,2部〈17:30開場/18:00開演〉,12100,2023/5/1 12:59,894
195,SD26,亀山 郁子,2部〈17:30開場/18:00開演〉,12100,2023/5/1 12:59,703
196,E6,十田 圭土,2部〈17:30開場/18:00開演〉,12100,2023/5/1 12:59,7747
197,A64,川中 由美子,1部〈13:30開場/14:00開演〉,12100,2023/5/1 12:59,766
198,C11,丸茂 美智子,2部〈17:30開場/18:00開演〉,12100,2023/5/1 12:59,7204
199,E3,坂本 由美子,2部〈17:30開場/18:00開演〉,12100,2023/5/1 12:59,4338
200,E47,池間 知子,1部〈13:30開場/14:00開演〉,12100,2023/5/1 12:59,4757
201,E26,伊藤 舞知子,1部〈13:30開場/14:00開演〉,12100,2023/5/1 12:59,2108
202,D25,関根 千廣,1部〈13:30開場/14:00開演〉,12100,2023/5/1 12:59,8131
203,G41,河合 幸子,1部〈13:30開場/14:00開演〉,12100,2023/5/1 12:59,4364
204,D23,秋田 夏実,1部〈13:30開場/14:00開演〉,12100,2023/5/1 12:59,2025
205,E5,庄司 みな子,2部〈17:30開場/18:00開演〉,12100,2023/5/1 13:00,145
206,C65,山中 菜穂子,2部〈17:30開場/18:00開演〉,12100,2023/5/1 13:00,894
207,SE21,堺田 末利花,2部〈17:30開場/18:00開演〉,12100,2023/5/1 13:00,4855
208,D7,秋田 夏実,2部〈17:30開場/18:00開演〉,12100,2023/5/1 13:00,2025
209,E2,坂本 由美子,2部〈17:30開場/18:00開演〉,12100,2023/5/1 13:00,4338
210,E48,池間 知子,1部〈13:30開場/14:00開演〉,12100,2023/5/1 13:00,4757
211,D27,三村 厚子,2部〈17:30開場/18:00開演〉,12100,2023/5/1 13:00,3290
212,A26,石井 登美子,1部〈13:30開場/14:00開演〉,12100,2023/5/1 13:00,222
213,A23,河合 幸子,2部〈17:30開場/18:00開演〉,12100,2023/5/1 13:01,4364
214,SD25,亀山 郁子,2部〈17:30開場/18:00開演〉,12100,2023/5/1 13:01,703
215,G21,関根 順子,2部〈17:30開場/18:00開演〉,12100,2023/5/1 13:01,1914
216,A25,石井 登美子,1部〈13:30開場/14:00開演〉,12100,2023/5/1 13:01,222
217,C6,山内 惠子,1部〈13:30開場/14:00開演〉,12100,2023/5/1 13:01,1797
218,C44,穴澤 美佳,1部〈13:30開場/14:00開演〉,12100,2023/5/1 13:02,5701
219,D41,秋山 妙子,1部〈13:30開場/14:00開演〉,12100,2023/5/1 13:02,277
220,D26,三村 厚子,2部〈17:30開場/18:00開演〉,12100,2023/5/1 13:02,3290
221,B47,入佐 真利子,2部〈17:30開場/18:00開演〉,12100,2023/5/1 13:02,1235
222,SC61,鈴木 裕子,2部〈17:30開場/18:00開演〉,12100,2023/5/1 13:02,1759
223,D68,中島 宏子,2部〈17:30開場/18:00開演〉,12100,2023/5/1 13:02,2706
224,SD24,亀山 郁子,2部〈17:30開場/18:00開演〉,12100,2023/5/1 13:02,703
225,A24,石井 登美子,1部〈13:30開場/14:00開演〉,12100,2023/5/1 13:02,222
226,C5,山内 惠子,1部〈13:30開場/14:00開演〉,12100,2023/5/1 13:03,1797
227,G22,関根 順子,2部〈17:30開場/18:00開演〉,12100,2023/5/1 13:03,1914
228,G26,大河原 かおり,1部〈13:30開場/14:00開演〉,12100,2023/5/1 13:04,7940
229,C43,穴澤 美佳,1部〈13:30開場/14:00開演〉,12100,2023/5/1 13:04,5701
230,C42,穴澤 美佳,1部〈13:30開場/14:00開演〉,12100,2023/5/1 13:06,5701
231,G24,野口 由紀子,1部〈13:30開場/14:00開演〉,12100,2023/5/1 13:06,2076
232,G20,高橋 陽子,2部〈17:30開場/18:00開演〉,12100,2023/5/1 13:07,334
233,SC61,立川 加奈,1部〈13:30開場/14:00開演〉,12100,2023/5/1 13:07,4177
234,SC60,立川 加奈,1部〈13:30開場/14:00開演〉,12100,2023/5/1 13:08,4177
235,SD64,細野 真央,2部〈17:30開場/18:00開演〉,12100,2023/5/1 13:08,684
236,G23,田島 真由美,2部〈17:30開場/18:00開演〉,12100,2023/5/1 13:08,2169
237,SD63,細野 真央,2部〈17:30開場/18:00開演〉,12100,2023/5/1 13:09,684
238,A44,河西 美和,1部〈13:30開場/14:00開演〉,12100,2023/5/1 13:10,1970
239,C64,橋本 真奈美,1部〈13:30開場/14:00開演〉,12100,2023/5/1 13:10,1009
240,SD40,齋藤 みどり,2部〈17:30開場/18:00開演〉,12100,2023/5/1 13:10,971
241,D67,秋元 ゆき子,2部〈17:30開場/18:00開演〉,12100,2023/5/1 13:11,7985
242,E43,家本 光咲,1部〈13:30開場/14:00開演〉,12100,2023/5/1 13:11,1072
243,G40,河合 幸子,1部〈13:30開場/14:00開演〉,12100,2023/5/1 13:11,4364
244,G42,家本 光咲,2部〈17:30開場/18:00開演〉,12100,2023/5/1 13:11,1072
245,G28,中島 宏子,1部〈13:30開場/14:00開演〉,12100,2023/5/1 13:11,2706
246,C46,鶴岡 美喜代,1部〈13:30開場/14:00開演〉,12100,2023/5/1 13:12,2862
247,B66,百々 弘美,2部〈17:30開場/18:00開演〉,12100,2023/5/1 13:12,7864
248,C47,鶴岡 美喜代,1部〈13:30開場/14:00開演〉,12100,2023/5/1 13:13,2862
249,G41,家本 光咲,2部〈17:30開場/18:00開演〉,12100,2023/5/1 13:13,1072
250,B65,百々 弘美,2部〈17:30開場/18:00開演〉,12100,2023/5/1 13:13,7864
251,D60,滝澤 比呂恵,1部〈13:30開場/14:00開演〉,12100,2023/5/1 13:13,3425
252,F21,岡本 久美,1部〈13:30開場/14:00開演〉,12100,2023/5/1 13:13,639
253,F22,岡本 久美,1部〈13:30開場/14:00開演〉,12100,2023/5/1 13:14,639
254,G46,鈴木 裕子,1部〈13:30開場/14:00開演〉,12100,2023/5/1 13:15,8061
255,G29,水澤 秀美,2部〈17:30開場/18:00開演〉,12100,2023/5/1 13:16,4553
323,SD43,帷子 きょうこ,2部〈17:30開場/18:00開演〉,12100,2023/5/1 16:44,8112
324,A65,原口 沙希,2部〈17:30開場/18:00開演〉,12100,2023/5/1 17:06,2753
325,A64,原口 沙希,2部〈17:30開場/18:00開演〉,12100,2023/5/1 17:08,2753
326,D5,仁藤 昌美,2部〈17:30開場/18:00開演〉,12100,2023/5/1 17:11,2806
327,F2,別宮 美鈴,2部〈17:30開場/18:00開演〉,12100,2023/5/1 17:22,7828
328,F4,松本 広子,2部〈17:30開場/18:00開演〉,12100,2023/5/1 17:39,4414
329,A8,羽根 美智子,2部〈17:30開場/18:00開演〉,12100,2023/5/1 18:10,4300
330,A7,羽根 美智子,2部〈17:30開場/18:00開演〉,12100,2023/5/1 18:12,4300
331,E28,島田 令子,2部〈17:30開場/18:00開演〉,12100,2023/5/1 18:22,1972
332,B45,舘 美香,1部〈13:30開場/14:00開演〉,12100,2023/5/1 18:29,7389
333,B27,岩松 朋子,2部〈17:30開場/18:00開演〉,12100,2023/5/1 18:39,1668
334,B26,岩松 朋子,2部〈17:30開場/18:00開演〉,12100,2023/5/1 18:40,1668
335,F48,小林 範子,1部〈13:30開場/14:00開演〉,12100,2023/5/1 18:49,7942
336,F47,小林 範子,1部〈13:30開場/14:00開演〉,12100,2023/5/1 18:59,7942
337,A46,森安 理恵,2部〈17:30開場/18:00開演〉,12100,2023/5/1 19:03,7829
338,A45,森安 理恵,2部〈17:30開場/18:00開演〉,12100,2023/5/1 19:03,7829
339,F6,悦見 朋子,2部〈17:30開場/18:00開演〉,12100,2023/5/1 19:03,2956
340,A44,森安 理恵,2部〈17:30開場/18:00開演〉,12100,2023/5/1 19:04,7829
341,A43,森安 理恵,2部〈17:30開場/18:00開演〉,12100,2023/5/1 19:04,7829
342,B7,高田 智子,2部〈17:30開場/18:00開演〉,12100,2023/5/1 19:23,1784
343,B6,高田 智子,2部〈17:30開場/18:00開演〉,12100,2023/5/1 19:25,1784
344,B5,高田 智子,2部〈17:30開場/18:00開演〉,12100,2023/5/1 19:26,1784
345,F61,田中 志織,2部〈17:30開場/18:00開演〉,12100,2023/5/1 19:39,1329
346,E9,浅野 絵里香,1部〈13:30開場/14:00開演〉,12100,2023/5/1 19:50,2464
347,A62,浅野 絵里香,2部〈17:30開場/18:00開演〉,12100,2023/5/1 19:51,2464
348,B45,三ツ井 敏江,2部〈17:30開場/18:00開演〉,12100,2023/5/1 20:10,2271
349,D12,三ツ井 敏江,1部〈13:30開場/14:00開演〉,12100,2023/5/1 20:10,2271
350,D11,渡邊 里菜,1部〈13:30開場/14:00開演〉,12100,2023/5/1 20:44,2850
351,F63,渡邊 里菜,2部〈17:30開場/18:00開演〉,12100,2023/5/1 20:46,2850
352,D8,宇田川 志満子,2部〈17:30開場/18:00開演〉,12100,2023/5/1 21:54,3585
353,D9,山田 一恵,1部〈13:30開場/14:00開演〉,12100,2023/5/1 22:11,7402
354,D10,白井 真理子,2部〈17:30開場/18:00開演〉,12100,2023/5/1 22:14,6140
355,SD8,白木 千晴,2部〈17:30開場/18:00開演〉,12100,2023/5/1 22:18,6724
356,SD7,白木 千晴,2部〈17:30開場/18:00開演〉,12100,2023/5/1 22:19,6724
357,D8,小平 恵美子,1部〈13:30開場/14:00開演〉,12100,2023/5/1 22:37,8129
358,SE45,前田 とし子,1部〈13:30開場/14:00開演〉,12100,2023/5/2 0:10,1437
359,E7,嶋田 和子,1部〈13:30開場/14:00開演〉,12100,2023/5/2 0:28,1405
360,C42,安達 美奈子,2部〈17:30開場/18:00開演〉,12100,2023/5/2 1:23,3438
361,C41,安達 美奈子,2部〈17:30開場/18:00開演〉,12100,2023/5/2 1:25,3438
362,E5,岸野 玲奈,1部〈13:30開場/14:00開演〉,12100,2023/5/2 1:44,500
363,B25,郷田 智世,2部〈17:30開場/18:00開演〉,12100,2023/5/2 2:23,7446
364,B24,郷田 智世,2部〈17:30開場/18:00開演〉,12100,2023/5/2 2:24,7446
365,E10,佐藤 晴美,2部〈17:30開場/18:00開演〉,12100,2023/5/2 4:37,3956
366,SD46,柳谷 美智子,2部〈17:30開場/18:00開演〉,12100,2023/5/2 11:15,231
367,SD45,柳谷 美智子,2部〈17:30開場/18:00開演〉,12100,2023/5/2 11:19,231
368,A60,鳥海 久枝,1部〈13:30開場/14:00開演〉,12100,2023/5/2 13:03,1640
369,A61,鳥海 久枝,1部〈13:30開場/14:00開演〉,12100,2023/5/2 13:07,1640
370,F29,鳥海 久枝,2部〈17:30開場/18:00開演〉,12100,2023/5/2 13:11,1640
371,F28,鳥海 久枝,2部〈17:30開場/18:00開演〉,12100,2023/5/2 13:12,1640
372,B65,福岡 高枝,1部〈13:30開場/14:00開演〉,12100,2023/5/2 14:16,2568
373,B66,福岡 高枝,1部〈13:30開場/14:00開演〉,12100,2023/5/2 14:17,2568
374,E3,山下 直美,1部〈13:30開場/14:00開演〉,12100,2023/5/2 15:44,3980
375,E64,武藤 恵子,1部〈13:30開場/14:00開演〉,12100,2023/5/2 15:57,5050
376,E62,倉田 志穂,1部〈13:30開場/14:00開演〉,12100,2023/5/2 16:21,4526
377,E60,釜田 裕子,1部〈13:30開場/14:00開演〉,12100,2023/5/2 16:26,1282
378,SD63,青柳 千尋,1部〈13:30開場/14:00開演〉,12100,2023/5/2 18:52,7933
379,SD64,青柳 千尋,1部〈13:30開場/14:00開演〉,12100,2023/5/2 18:53,7933
380,SD7,直井 弘子,1部〈13:30開場/14:00開演〉,12100,2023/5/2 19:07,3362
381,SD6,直井 弘子,1部〈13:30開場/14:00開演〉,12100,2023/5/2 19:09,3362
382,SD5,直井 弘子,1部〈13:30開場/14:00開演〉,12100,2023/5/2 19:13,3362
383,E24,田中 美紗子,1部〈13:30開場/14:00開演〉,12100,2023/5/2 20:22,5439
384,D43,山田 奈津実,1部〈13:30開場/14:00開演〉,12100,2023/5/2 21:35,
385,D43,渕辺 光代,2部〈17:30開場/18:00開演〉,12100,2023/5/2 21:49,5348
386,D42,渕辺 光代,2部〈17:30開場/18:00開演〉,12100,2023/5/2 21:51,5348
387,A60,小平 恵美子,2部〈17:30開場/18:00開演〉,12100,2023/5/2 22:37,8129
388,B44,岡田 美佐子,1部〈13:30開場/14:00開演〉,12100,2023/5/3 1:25,4561
389,SD44,二階堂 聖子,2部〈17:30開場/18:00開演〉,12100,2023/5/3 8:24,2392
390,F27,二階堂 聖子,1部〈13:30開場/14:00開演〉,12100,2023/5/3 8:25,2392
391,B8,三輪 支帆子,1部〈13:30開場/14:00開演〉,12100,2023/5/3 11:21,361
392,B7,三輪 支帆子,1部〈13:30開場/14:00開演〉,12100,2023/5/3 11:22,361
393,SD61,平倉 せい子,1部〈13:30開場/14:00開演〉,12100,2023/5/3 11:27,1605
394,SD60,平倉 せい子,1部〈13:30開場/14:00開演〉,12100,2023/5/3 11:29,1605
395,E22,鈴木 淳子,1部〈13:30開場/14:00開演〉,12100,2023/5/3 15:48,5181
396,D24,鈴木 淳子,2部〈17:30開場/18:00開演〉,12100,2023/5/3 15:51,5181
397,G49,泉 都紀子,2部〈17:30開場/18:00開演〉,12100,2023/5/3 16:13,681
398,C45,宇都 礼子,2部〈17:30開場/18:00開演〉,12100,2023/5/3 18:19,
399,D68,毛内 美佳,1部〈13:30開場/14:00開演〉,12100,2023/5/3 20:42,
400,D22,清水 典子,2部〈17:30開場/18:00開演〉,12100,2023/5/3 23:14,2327
401,D21,清水 典子,2部〈17:30開場/18:00開演〉,12100,2023/5/3 23:15,2327
402,C66,春木 由希子,1部〈13:30開場/14:00開演〉,12100,2023/5/4 0:39,1366
403,G46,春木 由希子,2部〈17:30開場/18:00開演〉,12100,2023/5/4 0:42,1366
404,B10,豊平 絵梨,2部〈17:30開場/18:00開演〉,12100,2023/5/4 13:50,3570
405,B9,豊平 絵梨,2部〈17:30開場/18:00開演〉,12100,2023/5/4 13:51,3570
406,E21,久保島 佐季,2部〈17:30開場/18:00開演〉,12100,2023/5/4 21:13,3575
407,E20,久保島 佐季,2部〈17:30開場/18:00開演〉,12100,2023/5/4 21:14,3575
408,F41,坂本 好美,2部〈17:30開場/18:00開演〉,12100,2023/5/5 19:36,6132
409,F40,坂本 好美,2部〈17:30開場/18:00開演〉,12100,2023/5/5 19:40,6132
410,B61,小野 晴美,2部〈17:30開場/18:00開演〉,12100,2023/5/6 17:08,2634
411,B60,小野 晴美,2部〈17:30開場/18:00開演〉,12100,2023/5/6 17:09,2634
412,G44,金子 奈津代,2部〈17:30開場/18:00開演〉,12100,2023/5/7 18:15,3394
413,E69,板橋 今日子,2部〈17:30開場/18:00開演〉,12100,2023/5/7 19:44,575
414,E67,高桐 まほ,2部〈17:30開場/18:00開演〉,12100,2023/5/7 20:06,1723
415,E60,川内 厚子,2部〈17:30開場/18:00開演〉,12100,2023/5/7 20:31,3340
416,F45,杉山 恵都子,1部〈13:30開場/14:00開演〉,12100,2023/5/7 21:28,6316
417,E64,山本 美智,2部〈17:30開場/18:00開演〉,12100,2023/5/7 22:34,3778
418,SD45,久保島 啓子,1部〈13:30開場/14:00開演〉,12100,2023/5/7 22:58,3732
419,SD46,久保島 啓子,1部〈13:30開場/14:00開演〉,12100,2023/5/7 22:59,3732
420,G43,帷子 きょうこ,1部〈13:30開場/14:00開演〉,12100,2023/5/7 23:26,8112
421,E63,芝本 昭子,2部〈17:30開場/18:00開演〉,12100,2023/5/7 23:33,2658
422,D27,小沢 恵里,1部〈13:30開場/14:00開演〉,12100,2023/5/7 23:44,2836
423,C44,白石 忍,2部〈17:30開場/18:00開演〉,12100,2023/5/22 21:35,
424,SC4,カン ジュビン,1部〈13:30開場/14:00開演〉,12100,2023/5/24 11:52,
425,SC5,カン ジュビン,1部〈13:30開場/14:00開演〉,12100,2023/5/24 11:52,
609,未定,片倉 浩美,2部〈17:30開場/18:00開演〉,12100,2023/5/24 23:10,2444
608,未定,片倉 浩美,1部〈13:30開場/14:00開演〉,12100,2023/5/24 23:06,2444
